{
    "name": "root",
    "gauges": {
        "PlayerLearning.Policy.Entropy.mean": {
            "value": 1.2627803087234497,
            "min": 1.2627803087234497,
            "max": 1.4205677509307861,
            "count": 100
        },
        "PlayerLearning.Policy.Entropy.sum": {
            "value": 12627.802734375,
            "min": 12627.802734375,
            "max": 14205.677734375,
            "count": 100
        },
        "PlayerLearning.Step.mean": {
            "value": 999928.0,
            "min": 9928.0,
            "max": 999928.0,
            "count": 100
        },
        "PlayerLearning.Step.sum": {
            "value": 999928.0,
            "min": 9928.0,
            "max": 999928.0,
            "count": 100
        },
        "PlayerLearning.Policy.ExtrinsicValueEstimate.mean": {
            "value": 1.722610354423523,
            "min": 0.03506707027554512,
            "max": 3.6745705604553223,
            "count": 100
        },
        "PlayerLearning.Policy.ExtrinsicValueEstimate.sum": {
            "value": 172.2610321044922,
            "min": 3.506706953048706,
            "max": 367.4570617675781,
            "count": 100
        },
        "PlayerLearning.Environment.EpisodeLength.mean": {
            "value": 199.0,
            "min": 199.0,
            "max": 199.0,
            "count": 100
        },
        "PlayerLearning.Environment.EpisodeLength.sum": {
            "value": 9950.0,
            "min": 9950.0,
            "max": 9950.0,
            "count": 100
        },
        "PlayerLearning.Environment.CumulativeReward.mean": {
            "value": 11.379999997615814,
            "min": -0.795918406272421,
            "max": 14.519999808669091,
            "count": 100
        },
        "PlayerLearning.Environment.CumulativeReward.sum": {
            "value": 568.9999998807907,
            "min": -39.00000190734863,
            "max": 725.9999904334545,
            "count": 100
        },
        "PlayerLearning.Policy.ExtrinsicReward.mean": {
            "value": 11.379999997615814,
            "min": -0.795918406272421,
            "max": 14.519999808669091,
            "count": 100
        },
        "PlayerLearning.Policy.ExtrinsicReward.sum": {
            "value": 568.9999998807907,
            "min": -39.00000190734863,
            "max": 725.9999904334545,
            "count": 100
        },
        "PlayerLearning.IsTraining.mean": {
            "value": 1.0,
            "min": 1.0,
            "max": 1.0,
            "count": 100
        },
        "PlayerLearning.IsTraining.sum": {
            "value": 1.0,
            "min": 1.0,
            "max": 1.0,
            "count": 100
        },
        "PlayerLearning.Losses.PolicyLoss.mean": {
            "value": 0.02440245756879449,
            "min": 0.015218738536350428,
            "max": 0.034055125620216134,
            "count": 97
        },
        "PlayerLearning.Losses.PolicyLoss.sum": {
            "value": 0.02440245756879449,
            "min": 0.015218738536350428,
            "max": 0.034055125620216134,
            "count": 97
        },
        "PlayerLearning.Losses.ValueLoss.mean": {
            "value": 1.6327035307884217,
            "min": 0.00919949181067447,
            "max": 1.6327035307884217,
            "count": 97
        },
        "PlayerLearning.Losses.ValueLoss.sum": {
            "value": 1.6327035307884217,
            "min": 0.00919949181067447,
            "max": 1.6327035307884217,
            "count": 97
        },
        "PlayerLearning.Policy.LearningRate.mean": {
            "value": 2.6169991279999527e-07,
            "min": 2.6169991279999527e-07,
            "max": 0.0002969016010328001,
            "count": 97
        },
        "PlayerLearning.Policy.LearningRate.sum": {
            "value": 2.6169991279999527e-07,
            "min": 2.6169991279999527e-07,
            "max": 0.0002969016010328001,
            "count": 97
        },
        "PlayerLearning.Policy.Epsilon.mean": {
            "value": 0.10008719999999999,
            "min": 0.10008719999999999,
            "max": 0.19896720000000007,
            "count": 97
        },
        "PlayerLearning.Policy.Epsilon.sum": {
            "value": 0.10008719999999999,
            "min": 0.10008719999999999,
            "max": 0.19896720000000007,
            "count": 97
        },
        "PlayerLearning.Policy.Beta.mean": {
            "value": 1.435127999999992e-05,
            "min": 1.435127999999992e-05,
            "max": 0.004948463280000001,
            "count": 97
        },
        "PlayerLearning.Policy.Beta.sum": {
            "value": 1.435127999999992e-05,
            "min": 1.435127999999992e-05,
            "max": 0.004948463280000001,
            "count": 97
        }
    },
    "metadata": {
        "timer_format_version": "0.1.0",
        "start_time_seconds": "1750794084",
        "python_version": "3.10.8 (tags/v3.10.8:aaaf517, Oct 11 2022, 16:50:30) [MSC v.1933 64 bit (AMD64)]",
        "command_line_arguments": "C:\\Users\\Alexandre\\Documents\\FATEC\\5o semestre\\AmbientePython\\mlagents-env\\Scripts\\mlagents-learn player_config.yaml --run-id=TreinoVencedor",
        "mlagents_version": "1.1.0",
        "mlagents_envs_version": "1.1.0",
        "communication_protocol_version": "1.5.0",
        "pytorch_version": "2.7.1+cpu",
        "numpy_version": "1.23.5",
        "end_time_seconds": "1750801172"
    },
    "total": 7087.943458399997,
    "count": 1,
    "self": 0.07352110001374967,
    "children": {
        "run_training.setup": {
            "total": 0.11763249998330139,
            "count": 1,
            "self": 0.11763249998330139
        },
        "TrainerController.start_learning": {
            "total": 7087.7523048,
            "count": 1,
            "self": 19.237521285162074,
            "children": {
                "TrainerController._reset_env": {
                    "total": 15.76434860000154,
                    "count": 1,
                    "self": 15.76434860000154
                },
                "TrainerController.advance": {
                    "total": 7052.683917114831,
                    "count": 1000128,
                    "self": 17.019208830897696,
                    "children": {
                        "env_step": {
                            "total": 6802.466186803649,
                            "count": 1000128,
                            "self": 5953.093048906972,
                            "children": {
                                "SubprocessEnvManager._take_step": {
                                    "total": 836.1063996980374,
                                    "count": 1000128,
                                    "self": 54.59586150420364,
                                    "children": {
                                        "TorchPolicy.evaluate": {
                                            "total": 781.5105381938338,
                                            "count": 1000128,
                                            "self": 781.5105381938338
                                        }
                                    }
                                },
                                "workers": {
                                    "total": 13.26673819863936,
                                    "count": 1000128,
                                    "self": 0.0,
                                    "children": {
                                        "worker_root": {
                                            "total": 7047.423904795258,
                                            "count": 1000128,
                                            "is_parallel": true,
                                            "self": 2008.1469300881727,
                                            "children": {
                                                "steps_from_proto": {
                                                    "total": 0.004220200004056096,