{"count":1,"self":2514.4987647999997,"total":7076.2812599,"children":{"InitializeActuators":{"count":1,"self":0.0015095,"total":0.0015095,"children":null},"InitializeSensors":{"count":1,"self":0.0015050999999999999,"total":0.0015050999999999999,"children":null},"AgentSendState":{"count":5000652,"self":7.0250391999999993,"total":194.7333201,"children":{"CollectObservations":{"count":1000131,"self":170.40925439999998,"total":170.4092533,"children":null},"WriteActionMask":{"count":1000131,"self":0.73646349999999994,"total":0.73646349999999994,"children":null},"RequestDecision":{"count":1000131,"self":4.3268632,"total":16.5625639,"children":{"AgentInfo.ToProto":{"count":1000131,"self":4.0676384,"total":12.235700699999999,"children":{"GenerateSensorData":{"count":1000131,"self":8.1680624,"total":8.1680625,"children":null}}}}}}},"DecideAction":{"count":5000652,"self":3375.7632512,"total":3375.7632181,"children":null},"AgentAct":{"count":5000652,"self":991.21203199999991,"total":991.28252449999991,"children":{"AgentInfo.ToProto":{"count":5000,"self":0.0191509,"total":0.0705309,"children":{"GenerateSensorData":{"count":5000,"self":0.051379999999999995,"total":0.051379999999999995,"children":null}}}}}},"gauges":{"PlayerLearning.CumulativeReward":{"count":5000,"max":31.0001545,"min":-0.9999907,"runningAverage":9.091771,"value":7.00006056,"weightedAverage":9.350528}},"metadata":{"timer_format_version":"0.1.0","start_time_seconds":"1750794096","unity_version":"2023.2.20f1","command_line_arguments":"C:\\Program Files\\Unity\\Hub\\Editor\\2023.2.20f1\\Editor\\Unity.exe -projectpath C:\\Users\\Alexandre\\Documents\\FATEC\\5o semestre\\Lab EngSoft\\ReinforcedLife\\Game\\SporeToo -useHub -hubIPC -cloudEnvironment production","communication_protocol_version":"1.5.0","com.unity.ml-agents_version":"3.0.0","scene_name":"AI Test Scene","end_time_seconds":"1750801172"}}